id;name;writingstyle;birthday;website;socialmedia
1;dead;JOURNALISTIC;2024-09-20;cultivar broadside er;ugh
2;like although;TECHNICAL;2024-09-21;nor violently huzzah;ew
3;physically anenst;CREATIVE;2024-09-20;bulge;respect
4;fellow mutt;ACADEMIC;2024-09-21;gah into;fusarium
5;considering that dimly;NARRATIVE;2024-09-21;droopy who yahoo;formalize yearly zowie
6;athletic er without;JOURNALISTIC;2024-09-21;raspberry inherit;humanize without
7;sleepily;ACADEMIC;2024-09-20;repel;hmph in because
8;creditor for continually;ACADEMIC;2024-09-21;twin lest along;so than zephyr
9;theme supposing amid;NARRATIVE;2024-09-21;lest;curvy
10;ingredient;NARRATIVE;2024-09-21;tight studious;boohoo mmm
